{
    "loss": 0.45880988240242004,
    "accuracy": 0.9482758641242981
}